[
    {
        "Nome": "Romero Rogerio",
        "Pontos": 5
    },
    {
        "Nome": "Will",
        "Pontos": 4
    },
    {
        "Nome": "Will",
        "Pontos": 0
    },
    {
        "Nome": "ZZOooooooom",
        "Pontos": 1
    },
    {
        "Nome": "Georrrrrrrge",
        "Pontos": 4
    },
    {
        "Nome": "Sla  meu",
        "Pontos": 5
    },
    {
        "Nome": "Testando hhh",
        "Pontos": 5
    },
    {
        "Nome": "Muy  dificil",
        "Pontos": 2
    },
    {
        "Nome": "Hihiha",
        "Pontos": 3
    },
    {
        "Nome": "farinha De trigo",
        "Pontos": 1
    },
    {
        "Nome": "farinha De trigo",
        "Pontos": 0
    },
    {
        "Nome": "HIHIhahaha",
        "Pontos": 2
    },
    {
        "Nome": "wwqqww",
        "Pontos": 0
    },
    {
        "Nome": "Willian Pontes",
        "Pontos": 0
    },
    {
        "Nome": "Will",
        "Pontos": 0
    },
    {
        "Nome": "Willl",
        "Pontos": 0
    },
    {
        "Nome": "wqqqddqw",
        "Pontos": 0
    },
    {
        "Nome": "Balo",
        "Pontos": 0
    },
    {
        "Nome": "Willlllllllllllllllllllllllllllllllllllllllllllllllll",
        "Pontos": 0
    },
    {
        "Nome": "",
        "Pontos": 0
    },
    {
        "Nome": "",
        "Pontos": 0
    },
    {
        "Nome": "aaa",
        "Pontos": 0
    },
    {
        "Nome": "Will fofo",
        "Pontos": 8
    },
    {
        "Nome": "ooionnaa",
        "Pontos": 0
    }
]